<?xml version="1.0" encoding="UTF-8"?>
<?NLS TYPE="org.eclipse.help.contexts"?><!--
    Copyright (c) 2008, 2010 SAP AG and others.
    All rights reserved. This program and the accompanying materials
    are made available under the terms of the Eclipse Public License v1.0
    which accompanies this distribution, and is available at
    http://www.eclipse.org/legal/epl-v10.html
   
    Contributors:
        SAP AG - initial API and implementation
 -->

<contexts>
	<context id="oql">
		<description>Object Query Language (OQL) Syntax</description>
		<topic label="OQL Editor" href="tasks/queryingheapobjects.html" />
		<topic label="OQL Syntax" href="reference/oqlsyntax.html" />
	</context>
	<context id="query_arguments">
		<description>This wizard will help you to add arguments to the query</description>
		<topic label="How to provide heap object arguments"
			href="reference/selectingqueries.html#queryarguments__arguments" />
	</context>
	<context id="acquire_arguments">
		<description>This wizard will help you to acquire and analyze a heap dump from another process on the system</description>
		<topic label="How to configure the acquire heap dump providers"
			href="tasks/acquiringheapdump.html" />
	</context>
	<context id="icon_assist">
		<description>Icon reference</description>
		<topic label="The meaning of various icons"
			href="reference/iconassist.html" />
	</context>
</contexts>
